,ID,Confidence,Boro,Date,Latitude,Longitude,Postcode,GoogleStreetViewURL
0,56994,0.5,Manhattan,2022-07-01,40.710255,-74.007805,10038,"https://www.google.com/maps/@40.710255,-74.007805,3a,20y,317.67h,93.73t/data=!3m6!1e1!3m4!1sPHyTisQ4EuYMui5Ir5d2ow!2e0!7i16384!8i8192?entry=ttu"
1,308550,1.0,Manhattan,2022-07-01,40.76179,-73.960396,10065,"https://www.google.com/maps/@40.76179,-73.960396,3a,20y,74.04h,87.59t/data=!3m6!1e1!3m4!1sd2wxhFp7sYQf7If_9LCCkA!2e0!7i16384!8i8192?entry=ttu"
2,119478677,1.0,Manhattan,2021-08-01,40.725475,-74.003845,10013,"https://www.google.com/maps/@40.725475,-74.003845,3a,20y,313.62h,91.42t/data=!3m6!1e1!3m4!1siLxrfW0r6xth9WmWrNONOA!2e0!7i16384!8i8192?entry=ttu"
3,119637756,0.5,Queens,2022-08-01,40.71527,-73.832085,11375,"https://www.google.com/maps/@40.71527,-73.832085,3a,20y,349.29h,95.19t/data=!3m6!1e1!3m4!1siFkJVCjmKog2LAsIYzq-kA!2e0!7i16384!8i8192?entry=ttu"
4,119637757,0.5,Queens,2022-08-01,40.71527,-73.832085,11375,"https://www.google.com/maps/@40.71527,-73.832085,3a,20y,355.25h,97.10t/data=!3m6!1e1!3m4!1siFkJVCjmKog2LAsIYzq-kA!2e0!7i16384!8i8192?entry=ttu"
5,119637758,0.5,Queens,2022-08-01,40.71527,-73.832085,11375,"https://www.google.com/maps/@40.71527,-73.832085,3a,20y,354.64h,94.73t/data=!3m6!1e1!3m4!1siFkJVCjmKog2LAsIYzq-kA!2e0!7i16384!8i8192?entry=ttu"
6,119637759,1.0,Queens,2022-08-01,40.71527,-73.832085,11375,"https://www.google.com/maps/@40.71527,-73.832085,3a,20y,339.21h,95.37t/data=!3m6!1e1!3m4!1siFkJVCjmKog2LAsIYzq-kA!2e0!7i16384!8i8192?entry=ttu"
7,119637760,0.5,Queens,2022-08-01,40.71527,-73.832085,11375,"https://www.google.com/maps/@40.71527,-73.832085,3a,20y,355.75h,112.64t/data=!3m6!1e1!3m4!1siFkJVCjmKog2LAsIYzq-kA!2e0!7i16384!8i8192?entry=ttu"
8,119637761,0.5,Queens,2022-08-01,40.71527,-73.832085,11375,"https://www.google.com/maps/@40.71527,-73.832085,3a,20y,353.95h,101.73t/data=!3m6!1e1!3m4!1siFkJVCjmKog2LAsIYzq-kA!2e0!7i16384!8i8192?entry=ttu"
9,119637762,0.3,Queens,2022-08-01,40.71527,-73.832085,11375,"https://www.google.com/maps/@40.71527,-73.832085,3a,20y,353.48h,99.25t/data=!3m6!1e1!3m4!1siFkJVCjmKog2LAsIYzq-kA!2e0!7i16384!8i8192?entry=ttu"
10,119637763,0.3,Queens,2022-08-01,40.71527,-73.832085,11375,"https://www.google.com/maps/@40.71527,-73.832085,3a,20y,2.58h,98.89t/data=!3m6!1e1!3m4!1siFkJVCjmKog2LAsIYzq-kA!2e0!7i16384!8i8192?entry=ttu"
11,119637764,0.5,Queens,2022-08-01,40.71527,-73.832085,11375,"https://www.google.com/maps/@40.71527,-73.832085,3a,20y,3.12h,95.38t/data=!3m6!1e1!3m4!1siFkJVCjmKog2LAsIYzq-kA!2e0!7i16384!8i8192?entry=ttu"
12,119637765,1.0,Queens,2022-08-01,40.71527,-73.832085,11375,"https://www.google.com/maps/@40.71527,-73.832085,3a,20y,4.17h,92.70t/data=!3m6!1e1!3m4!1siFkJVCjmKog2LAsIYzq-kA!2e0!7i16384!8i8192?entry=ttu"
13,119637766,1.0,Queens,2022-08-01,40.71527,-73.832085,11375,"https://www.google.com/maps/@40.71527,-73.832085,3a,20y,9.90h,92.94t/data=!3m6!1e1!3m4!1siFkJVCjmKog2LAsIYzq-kA!2e0!7i16384!8i8192?entry=ttu"
14,119637767,0.3,Queens,2022-08-01,40.71527,-73.832085,11375,"https://www.google.com/maps/@40.71527,-73.832085,3a,20y,17.99h,98.78t/data=!3m6!1e1!3m4!1siFkJVCjmKog2LAsIYzq-kA!2e0!7i16384!8i8192?entry=ttu"
15,119637768,0.5,Queens,2022-08-01,40.71527,-73.832085,11375,"https://www.google.com/maps/@40.71527,-73.832085,3a,20y,4.39h,102.02t/data=!3m6!1e1!3m4!1siFkJVCjmKog2LAsIYzq-kA!2e0!7i16384!8i8192?entry=ttu"
16,119637769,1.0,Queens,2022-08-01,40.71527,-73.832085,11375,"https://www.google.com/maps/@40.71527,-73.832085,3a,20y,9.95h,84.86t/data=!3m6!1e1!3m4!1siFkJVCjmKog2LAsIYzq-kA!2e0!7i16384!8i8192?entry=ttu"
17,119637770,0.3,Queens,2022-08-01,40.71527,-73.832085,11375,"https://www.google.com/maps/@40.71527,-73.832085,3a,20y,17.91h,95.44t/data=!3m6!1e1!3m4!1siFkJVCjmKog2LAsIYzq-kA!2e0!7i16384!8i8192?entry=ttu"
18,119637771,1.0,Queens,2022-08-01,40.71527,-73.832085,11375,"https://www.google.com/maps/@40.71527,-73.832085,3a,20y,17.36h,92.97t/data=!3m6!1e1!3m4!1siFkJVCjmKog2LAsIYzq-kA!2e0!7i16384!8i8192?entry=ttu"
19,119637772,1.0,Queens,2022-08-01,40.71527,-73.832085,11375,"https://www.google.com/maps/@40.71527,-73.832085,3a,20y,80.17h,101.82t/data=!3m6!1e1!3m4!1siFkJVCjmKog2LAsIYzq-kA!2e0!7i16384!8i8192?entry=ttu"
20,119637773,1.0,Queens,2022-08-01,40.71527,-73.832085,11375,"https://www.google.com/maps/@40.71527,-73.832085,3a,20y,80.16h,99.03t/data=!3m6!1e1!3m4!1siFkJVCjmKog2LAsIYzq-kA!2e0!7i16384!8i8192?entry=ttu"
21,119637774,1.0,Queens,2022-08-01,40.71527,-73.832085,11375,"https://www.google.com/maps/@40.71527,-73.832085,3a,20y,85.12h,103.09t/data=!3m6!1e1!3m4!1siFkJVCjmKog2LAsIYzq-kA!2e0!7i16384!8i8192?entry=ttu"
22,119637775,1.0,Queens,2022-08-01,40.71527,-73.832085,11375,"https://www.google.com/maps/@40.71527,-73.832085,3a,20y,85.25h,100.02t/data=!3m6!1e1!3m4!1siFkJVCjmKog2LAsIYzq-kA!2e0!7i16384!8i8192?entry=ttu"
23,119637776,1.0,Queens,2022-08-01,40.71527,-73.832085,11375,"https://www.google.com/maps/@40.71527,-73.832085,3a,20y,91.05h,103.66t/data=!3m6!1e1!3m4!1siFkJVCjmKog2LAsIYzq-kA!2e0!7i16384!8i8192?entry=ttu"
24,119637777,1.0,Queens,2022-08-01,40.71527,-73.832085,11375,"https://www.google.com/maps/@40.71527,-73.832085,3a,20y,91.53h,100.45t/data=!3m6!1e1!3m4!1siFkJVCjmKog2LAsIYzq-kA!2e0!7i16384!8i8192?entry=ttu"
25,119637778,1.0,Queens,2022-08-01,40.71527,-73.832085,11375,"https://www.google.com/maps/@40.71527,-73.832085,3a,20y,99.41h,103.19t/data=!3m6!1e1!3m4!1siFkJVCjmKog2LAsIYzq-kA!2e0!7i16384!8i8192?entry=ttu"
26,119637779,1.0,Queens,2022-08-01,40.71527,-73.832085,11375,"https://www.google.com/maps/@40.71527,-73.832085,3a,20y,105.57h,101.43t/data=!3m6!1e1!3m4!1siFkJVCjmKog2LAsIYzq-kA!2e0!7i16384!8i8192?entry=ttu"
27,119637780,0.3,Queens,2022-08-01,40.71527,-73.832085,11375,"https://www.google.com/maps/@40.71527,-73.832085,3a,20y,107.10h,100.18t/data=!3m6!1e1!3m4!1siFkJVCjmKog2LAsIYzq-kA!2e0!7i16384!8i8192?entry=ttu"
28,119637781,1.0,Queens,2022-08-01,40.71527,-73.832085,11375,"https://www.google.com/maps/@40.71527,-73.832085,3a,20y,102.80h,99.11t/data=!3m6!1e1!3m4!1siFkJVCjmKog2LAsIYzq-kA!2e0!7i16384!8i8192?entry=ttu"
29,119637782,0.5,Queens,2022-08-01,40.71527,-73.832085,11375,"https://www.google.com/maps/@40.71527,-73.832085,3a,20y,110.02h,100.13t/data=!3m6!1e1!3m4!1siFkJVCjmKog2LAsIYzq-kA!2e0!7i16384!8i8192?entry=ttu"
30,119637783,0.5,Queens,2022-08-01,40.71527,-73.832085,11375,"https://www.google.com/maps/@40.71527,-73.832085,3a,20y,91.75h,104.79t/data=!3m6!1e1!3m4!1siFkJVCjmKog2LAsIYzq-kA!2e0!7i16384!8i8192?entry=ttu"
31,119637784,1.0,Queens,2022-08-01,40.71527,-73.832085,11375,"https://www.google.com/maps/@40.71527,-73.832085,3a,20y,96.58h,103.42t/data=!3m6!1e1!3m4!1siFkJVCjmKog2LAsIYzq-kA!2e0!7i16384!8i8192?entry=ttu"
32,119637785,0.3,Queens,2022-08-01,40.71527,-73.832085,11375,"https://www.google.com/maps/@40.71527,-73.832085,3a,20y,108.59h,99.36t/data=!3m6!1e1!3m4!1siFkJVCjmKog2LAsIYzq-kA!2e0!7i16384!8i8192?entry=ttu"
33,119637786,1.0,Queens,2022-08-01,40.71527,-73.832085,11375,"https://www.google.com/maps/@40.71527,-73.832085,3a,20y,111.11h,96.80t/data=!3m6!1e1!3m4!1siFkJVCjmKog2LAsIYzq-kA!2e0!7i16384!8i8192?entry=ttu"
34,119637806,1.0,Queens,2022-08-01,40.702602,-73.83671,11418,"https://www.google.com/maps/@40.702602,-73.83671,3a,20y,158.82h,90.11t/data=!3m6!1e1!3m4!1sk0eX7MPbtpoPFsxSDOpLQQ!2e0!7i16384!8i8192?entry=ttu"
35,119637807,1.0,Queens,2022-08-01,40.702602,-73.83671,11418,"https://www.google.com/maps/@40.702602,-73.83671,3a,20y,158.89h,89.29t/data=!3m6!1e1!3m4!1sk0eX7MPbtpoPFsxSDOpLQQ!2e0!7i16384!8i8192?entry=ttu"
36,119637808,0.3,Queens,2022-08-01,40.702602,-73.83671,11418,"https://www.google.com/maps/@40.702602,-73.83671,3a,20y,159.36h,85.54t/data=!3m6!1e1!3m4!1sk0eX7MPbtpoPFsxSDOpLQQ!2e0!7i16384!8i8192?entry=ttu"
37,119637809,0.5,Queens,2022-08-01,40.702602,-73.83671,11418,"https://www.google.com/maps/@40.702602,-73.83671,3a,20y,164.70h,86.38t/data=!3m6!1e1!3m4!1sk0eX7MPbtpoPFsxSDOpLQQ!2e0!7i16384!8i8192?entry=ttu"
38,119637810,0.3,Queens,2022-08-01,40.702602,-73.83671,11418,"https://www.google.com/maps/@40.702602,-73.83671,3a,20y,186.81h,87.17t/data=!3m6!1e1!3m4!1sk0eX7MPbtpoPFsxSDOpLQQ!2e0!7i16384!8i8192?entry=ttu"
39,119637811,0.3,Queens,2022-08-01,40.702602,-73.83671,11418,"https://www.google.com/maps/@40.702602,-73.83671,3a,20y,252.77h,85.49t/data=!3m6!1e1!3m4!1sk0eX7MPbtpoPFsxSDOpLQQ!2e0!7i16384!8i8192?entry=ttu"
40,119637812,1.0,Queens,2022-08-01,40.702602,-73.83671,11418,"https://www.google.com/maps/@40.702602,-73.83671,3a,20y,252.89h,84.75t/data=!3m6!1e1!3m4!1sk0eX7MPbtpoPFsxSDOpLQQ!2e0!7i16384!8i8192?entry=ttu"
41,119637813,1.0,Queens,2022-08-01,40.702602,-73.83671,11418,"https://www.google.com/maps/@40.702602,-73.83671,3a,20y,252.78h,84.00t/data=!3m6!1e1!3m4!1sk0eX7MPbtpoPFsxSDOpLQQ!2e0!7i16384!8i8192?entry=ttu"
42,119637814,0.5,Queens,2022-08-01,40.702602,-73.83671,11418,"https://www.google.com/maps/@40.702602,-73.83671,3a,20y,252.96h,83.30t/data=!3m6!1e1!3m4!1sk0eX7MPbtpoPFsxSDOpLQQ!2e0!7i16384!8i8192?entry=ttu"
43,119637815,0.3,Queens,2022-08-01,40.702602,-73.83671,11418,"https://www.google.com/maps/@40.702602,-73.83671,3a,20y,245.85h,81.60t/data=!3m6!1e1!3m4!1sk0eX7MPbtpoPFsxSDOpLQQ!2e0!7i16384!8i8192?entry=ttu"
44,119637816,0.5,Queens,2022-08-01,40.702602,-73.83671,11418,"https://www.google.com/maps/@40.702602,-73.83671,3a,20y,252.93h,86.00t/data=!3m6!1e1!3m4!1sk0eX7MPbtpoPFsxSDOpLQQ!2e0!7i16384!8i8192?entry=ttu"
45,119637817,0.5,Queens,2022-08-01,40.702602,-73.83671,11418,"https://www.google.com/maps/@40.702602,-73.83671,3a,20y,252.90h,85.32t/data=!3m6!1e1!3m4!1sk0eX7MPbtpoPFsxSDOpLQQ!2e0!7i16384!8i8192?entry=ttu"
46,119637818,1.0,Queens,2022-08-01,40.702602,-73.83671,11418,"https://www.google.com/maps/@40.702602,-73.83671,3a,20y,252.84h,84.65t/data=!3m6!1e1!3m4!1sk0eX7MPbtpoPFsxSDOpLQQ!2e0!7i16384!8i8192?entry=ttu"
47,119637819,0.3,Queens,2022-08-01,40.702602,-73.83671,11418,"https://www.google.com/maps/@40.702602,-73.83671,3a,20y,252.98h,83.97t/data=!3m6!1e1!3m4!1sk0eX7MPbtpoPFsxSDOpLQQ!2e0!7i16384!8i8192?entry=ttu"
48,119637820,0.5,Queens,2022-08-01,40.702602,-73.83671,11418,"https://www.google.com/maps/@40.702602,-73.83671,3a,20y,252.84h,83.28t/data=!3m6!1e1!3m4!1sk0eX7MPbtpoPFsxSDOpLQQ!2e0!7i16384!8i8192?entry=ttu"
49,119637821,0.5,Queens,2013-10-01,40.786823,-73.82231,11354,"https://www.google.com/maps/@40.786823,-73.82231,3a,20y,313.37h,92.94t/data=!3m6!1e1!3m4!1scQudUoKk_g_efzS5j17sUg!2e0!7i16384!8i8192?entry=ttu"
50,119637822,0.5,Queens,2013-10-01,40.786823,-73.82231,11354,"https://www.google.com/maps/@40.786823,-73.82231,3a,20y,309.94h,92.31t/data=!3m6!1e1!3m4!1scQudUoKk_g_efzS5j17sUg!2e0!7i16384!8i8192?entry=ttu"
51,119637823,1.0,Queens,2013-10-01,40.786823,-73.82231,11354,"https://www.google.com/maps/@40.786823,-73.82231,3a,20y,311.15h,92.23t/data=!3m6!1e1!3m4!1scQudUoKk_g_efzS5j17sUg!2e0!7i16384!8i8192?entry=ttu"
52,119637824,1.0,Queens,2013-10-01,40.786823,-73.82231,11354,"https://www.google.com/maps/@40.786823,-73.82231,3a,20y,310.59h,91.32t/data=!3m6!1e1!3m4!1scQudUoKk_g_efzS5j17sUg!2e0!7i16384!8i8192?entry=ttu"
53,119637825,0.3,Queens,2013-10-01,40.786823,-73.82231,11354,"https://www.google.com/maps/@40.786823,-73.82231,3a,20y,310.65h,90.42t/data=!3m6!1e1!3m4!1scQudUoKk_g_efzS5j17sUg!2e0!7i16384!8i8192?entry=ttu"
54,119637826,1.0,Queens,2013-10-01,40.786823,-73.82231,11354,"https://www.google.com/maps/@40.786823,-73.82231,3a,20y,352.06h,89.15t/data=!3m6!1e1!3m4!1scQudUoKk_g_efzS5j17sUg!2e0!7i16384!8i8192?entry=ttu"
55,119637827,1.0,Queens,2013-10-01,40.786823,-73.82231,11354,"https://www.google.com/maps/@40.786823,-73.82231,3a,20y,352.10h,88.42t/data=!3m6!1e1!3m4!1scQudUoKk_g_efzS5j17sUg!2e0!7i16384!8i8192?entry=ttu"
56,119637828,1.0,Queens,2013-10-01,40.786823,-73.82231,11354,"https://www.google.com/maps/@40.786823,-73.82231,3a,20y,352.11h,87.66t/data=!3m6!1e1!3m4!1scQudUoKk_g_efzS5j17sUg!2e0!7i16384!8i8192?entry=ttu"
57,119637829,0.5,Queens,2013-10-01,40.786823,-73.82231,11354,"https://www.google.com/maps/@40.786823,-73.82231,3a,20y,14.36h,104.28t/data=!3m6!1e1!3m4!1scQudUoKk_g_efzS5j17sUg!2e0!7i16384!8i8192?entry=ttu"
58,119637830,1.0,Queens,2013-10-01,40.786823,-73.82231,11354,"https://www.google.com/maps/@40.786823,-73.82231,3a,20y,14.65h,99.64t/data=!3m6!1e1!3m4!1scQudUoKk_g_efzS5j17sUg!2e0!7i16384!8i8192?entry=ttu"
59,119637831,1.0,Queens,2013-10-01,40.786823,-73.82231,11354,"https://www.google.com/maps/@40.786823,-73.82231,3a,20y,84.73h,89.61t/data=!3m6!1e1!3m4!1scQudUoKk_g_efzS5j17sUg!2e0!7i16384!8i8192?entry=ttu"
60,119637832,1.0,Queens,2013-10-01,40.786823,-73.82231,11354,"https://www.google.com/maps/@40.786823,-73.82231,3a,20y,84.68h,88.92t/data=!3m6!1e1!3m4!1scQudUoKk_g_efzS5j17sUg!2e0!7i16384!8i8192?entry=ttu"
61,119637833,0.5,Queens,2013-10-01,40.786823,-73.82231,11354,"https://www.google.com/maps/@40.786823,-73.82231,3a,20y,89.40h,90.97t/data=!3m6!1e1!3m4!1scQudUoKk_g_efzS5j17sUg!2e0!7i16384!8i8192?entry=ttu"
62,119637834,1.0,Queens,2013-10-01,40.786823,-73.82231,11354,"https://www.google.com/maps/@40.786823,-73.82231,3a,20y,90.84h,89.93t/data=!3m6!1e1!3m4!1scQudUoKk_g_efzS5j17sUg!2e0!7i16384!8i8192?entry=ttu"
63,119637835,1.0,Queens,2013-10-01,40.786823,-73.82231,11354,"https://www.google.com/maps/@40.786823,-73.82231,3a,20y,90.48h,89.24t/data=!3m6!1e1!3m4!1scQudUoKk_g_efzS5j17sUg!2e0!7i16384!8i8192?entry=ttu"
64,119637836,1.0,Queens,2013-10-01,40.786823,-73.82231,11354,"https://www.google.com/maps/@40.786823,-73.82231,3a,20y,103.44h,93.57t/data=!3m6!1e1!3m4!1scQudUoKk_g_efzS5j17sUg!2e0!7i16384!8i8192?entry=ttu"
65,119637837,0.5,Queens,2013-10-01,40.786823,-73.82231,11354,"https://www.google.com/maps/@40.786823,-73.82231,3a,20y,99.00h,88.64t/data=!3m6!1e1!3m4!1scQudUoKk_g_efzS5j17sUg!2e0!7i16384!8i8192?entry=ttu"
66,119637838,1.0,Queens,2013-10-01,40.786823,-73.82231,11354,"https://www.google.com/maps/@40.786823,-73.82231,3a,20y,103.35h,87.19t/data=!3m6!1e1!3m4!1scQudUoKk_g_efzS5j17sUg!2e0!7i16384!8i8192?entry=ttu"
67,119637839,1.0,Queens,2013-10-01,40.786823,-73.82231,11354,"https://www.google.com/maps/@40.786823,-73.82231,3a,20y,90.94h,74.18t/data=!3m6!1e1!3m4!1scQudUoKk_g_efzS5j17sUg!2e0!7i16384!8i8192?entry=ttu"
68,119637840,1.0,Queens,2013-10-01,40.786823,-73.82231,11354,"https://www.google.com/maps/@40.786823,-73.82231,3a,20y,103.34h,94.94t/data=!3m6!1e1!3m4!1scQudUoKk_g_efzS5j17sUg!2e0!7i16384!8i8192?entry=ttu"
69,119637841,0.5,Queens,2013-10-01,40.786823,-73.82231,11354,"https://www.google.com/maps/@40.786823,-73.82231,3a,20y,106.22h,88.94t/data=!3m6!1e1!3m4!1scQudUoKk_g_efzS5j17sUg!2e0!7i16384!8i8192?entry=ttu"
70,119637842,1.0,Queens,2013-10-01,40.786823,-73.82231,11354,"https://www.google.com/maps/@40.786823,-73.82231,3a,20y,118.68h,83.83t/data=!3m6!1e1!3m4!1scQudUoKk_g_efzS5j17sUg!2e0!7i16384!8i8192?entry=ttu"
71,119637843,1.0,Queens,2013-10-01,40.786823,-73.82231,11354,"https://www.google.com/maps/@40.786823,-73.82231,3a,20y,118.70h,82.43t/data=!3m6!1e1!3m4!1scQudUoKk_g_efzS5j17sUg!2e0!7i16384!8i8192?entry=ttu"
72,119637844,0.3,Queens,2013-10-01,40.786823,-73.82231,11354,"https://www.google.com/maps/@40.786823,-73.82231,3a,20y,133.63h,90.38t/data=!3m6!1e1!3m4!1scQudUoKk_g_efzS5j17sUg!2e0!7i16384!8i8192?entry=ttu"
73,119637845,1.0,Queens,2013-10-01,40.786823,-73.82231,11354,"https://www.google.com/maps/@40.786823,-73.82231,3a,20y,133.13h,85.40t/data=!3m6!1e1!3m4!1scQudUoKk_g_efzS5j17sUg!2e0!7i16384!8i8192?entry=ttu"
74,119637846,0.3,Queens,2013-10-01,40.786823,-73.82231,11354,"https://www.google.com/maps/@40.786823,-73.82231,3a,20y,137.20h,92.55t/data=!3m6!1e1!3m4!1scQudUoKk_g_efzS5j17sUg!2e0!7i16384!8i8192?entry=ttu"
75,119637847,1.0,Queens,2013-10-01,40.786823,-73.82231,11354,"https://www.google.com/maps/@40.786823,-73.82231,3a,20y,133.61h,91.41t/data=!3m6!1e1!3m4!1scQudUoKk_g_efzS5j17sUg!2e0!7i16384!8i8192?entry=ttu"
76,119637848,0.5,Queens,2017-11-01,40.67943,-73.80395,11436,"https://www.google.com/maps/@40.67943,-73.80395,3a,20y,180.13h,96.79t/data=!3m6!1e1!3m4!1stQU-n_BPBfJ-etQfELpbQw!2e0!7i16384!8i8192?entry=ttu"
77,119637849,0.3,Queens,2017-11-01,40.67943,-73.80395,11436,"https://www.google.com/maps/@40.67943,-73.80395,3a,20y,179.55h,95.64t/data=!3m6!1e1!3m4!1stQU-n_BPBfJ-etQfELpbQw!2e0!7i16384!8i8192?entry=ttu"
78,119637850,0.5,Queens,2017-11-01,40.67943,-73.80395,11436,"https://www.google.com/maps/@40.67943,-73.80395,3a,20y,178.90h,94.92t/data=!3m6!1e1!3m4!1stQU-n_BPBfJ-etQfELpbQw!2e0!7i16384!8i8192?entry=ttu"
79,119637851,0.5,Queens,2017-11-01,40.67943,-73.80395,11436,"https://www.google.com/maps/@40.67943,-73.80395,3a,20y,179.11h,93.94t/data=!3m6!1e1!3m4!1stQU-n_BPBfJ-etQfELpbQw!2e0!7i16384!8i8192?entry=ttu"
80,119637852,0.5,Queens,2017-11-01,40.67943,-73.80395,11436,"https://www.google.com/maps/@40.67943,-73.80395,3a,20y,179.57h,93.10t/data=!3m6!1e1!3m4!1stQU-n_BPBfJ-etQfELpbQw!2e0!7i16384!8i8192?entry=ttu"
81,119637853,1.0,Queens,2017-11-01,40.67943,-73.80395,11436,"https://www.google.com/maps/@40.67943,-73.80395,3a,20y,178.90h,92.17t/data=!3m6!1e1!3m4!1stQU-n_BPBfJ-etQfELpbQw!2e0!7i16384!8i8192?entry=ttu"
82,119637854,1.0,Queens,2017-11-01,40.67943,-73.80395,11436,"https://www.google.com/maps/@40.67943,-73.80395,3a,20y,187.31h,94.79t/data=!3m6!1e1!3m4!1stQU-n_BPBfJ-etQfELpbQw!2e0!7i16384!8i8192?entry=ttu"
83,119637855,0.5,Queens,2017-11-01,40.67943,-73.80395,11436,"https://www.google.com/maps/@40.67943,-73.80395,3a,20y,185.66h,93.77t/data=!3m6!1e1!3m4!1stQU-n_BPBfJ-etQfELpbQw!2e0!7i16384!8i8192?entry=ttu"
84,119637856,1.0,Queens,2017-11-01,40.67943,-73.80395,11436,"https://www.google.com/maps/@40.67943,-73.80395,3a,20y,185.69h,93.18t/data=!3m6!1e1!3m4!1stQU-n_BPBfJ-etQfELpbQw!2e0!7i16384!8i8192?entry=ttu"
85,119637857,1.0,Queens,2017-11-01,40.67943,-73.80395,11436,"https://www.google.com/maps/@40.67943,-73.80395,3a,20y,210.62h,111.20t/data=!3m6!1e1!3m4!1stQU-n_BPBfJ-etQfELpbQw!2e0!7i16384!8i8192?entry=ttu"
86,119637858,0.5,Queens,2017-11-01,40.67943,-73.80395,11436,"https://www.google.com/maps/@40.67943,-73.80395,3a,20y,199.48h,76.99t/data=!3m6!1e1!3m4!1stQU-n_BPBfJ-etQfELpbQw!2e0!7i16384!8i8192?entry=ttu"
87,119637859,1.0,Queens,2017-11-01,40.67943,-73.80395,11436,"https://www.google.com/maps/@40.67943,-73.80395,3a,20y,242.58h,69.46t/data=!3m6!1e1!3m4!1stQU-n_BPBfJ-etQfELpbQw!2e0!7i16384!8i8192?entry=ttu"
88,119637860,1.0,Queens,2017-11-01,40.67943,-73.80395,11436,"https://www.google.com/maps/@40.67943,-73.80395,3a,20y,315.75h,106.13t/data=!3m6!1e1!3m4!1stQU-n_BPBfJ-etQfELpbQw!2e0!7i16384!8i8192?entry=ttu"
89,119637861,0.5,Queens,2017-11-01,40.67943,-73.80395,11436,"https://www.google.com/maps/@40.67943,-73.80395,3a,20y,328.73h,80.55t/data=!3m6!1e1!3m4!1stQU-n_BPBfJ-etQfELpbQw!2e0!7i16384!8i8192?entry=ttu"
90,119637862,1.0,Queens,2017-11-01,40.67943,-73.80395,11436,"https://www.google.com/maps/@40.67943,-73.80395,3a,20y,335.60h,68.45t/data=!3m6!1e1!3m4!1stQU-n_BPBfJ-etQfELpbQw!2e0!7i16384!8i8192?entry=ttu"
91,119637863,1.0,Queens,2017-11-01,40.67943,-73.80395,11436,"https://www.google.com/maps/@40.67943,-73.80395,3a,20y,118.94h,70.34t/data=!3m6!1e1!3m4!1stQU-n_BPBfJ-etQfELpbQw!2e0!7i16384!8i8192?entry=ttu"
92,119637864,0.3,The Bronx,2016-07-01,40.897476,-73.87955,10470,"https://www.google.com/maps/@40.897476,-73.87955,3a,20y,200.90h,88.35t/data=!3m6!1e1!3m4!1s5NAtNgIDYSNJn7JPCoO6hA!2e0!7i16384!8i8192?entry=ttu"
93,119637865,0.5,The Bronx,2016-07-01,40.897476,-73.87955,10470,"https://www.google.com/maps/@40.897476,-73.87955,3a,20y,301.67h,86.98t/data=!3m6!1e1!3m4!1s5NAtNgIDYSNJn7JPCoO6hA!2e0!7i16384!8i8192?entry=ttu"
94,119637866,0.3,The Bronx,2016-07-01,40.897476,-73.87955,10470,"https://www.google.com/maps/@40.897476,-73.87955,3a,20y,327.56h,88.15t/data=!3m6!1e1!3m4!1s5NAtNgIDYSNJn7JPCoO6hA!2e0!7i16384!8i8192?entry=ttu"
95,119637867,1.0,The Bronx,2018-05-01,40.86816,-73.85766,10469,"https://www.google.com/maps/@40.86816,-73.85766,3a,20y,79.52h,88.53t/data=!3m6!1e1!3m4!1sUw8GnatMPmk9_8eF14uhhw!2e0!7i16384!8i8192?entry=ttu"
96,119637868,0.5,The Bronx,2018-05-01,40.86816,-73.85766,10469,"https://www.google.com/maps/@40.86816,-73.85766,3a,20y,171.21h,91.78t/data=!3m6!1e1!3m4!1sUw8GnatMPmk9_8eF14uhhw!2e0!7i16384!8i8192?entry=ttu"
97,119637869,1.0,The Bronx,2018-05-01,40.86816,-73.85766,10469,"https://www.google.com/maps/@40.86816,-73.85766,3a,20y,172.38h,91.94t/data=!3m6!1e1!3m4!1sUw8GnatMPmk9_8eF14uhhw!2e0!7i16384!8i8192?entry=ttu"
98,119637870,1.0,The Bronx,2018-05-01,40.86816,-73.85766,10469,"https://www.google.com/maps/@40.86816,-73.85766,3a,20y,209.66h,93.65t/data=!3m6!1e1!3m4!1sUw8GnatMPmk9_8eF14uhhw!2e0!7i16384!8i8192?entry=ttu"
99,119637871,1.0,The Bronx,2018-05-01,40.86816,-73.85766,10469,"https://www.google.com/maps/@40.86816,-73.85766,3a,20y,265.47h,89.91t/data=!3m6!1e1!3m4!1sUw8GnatMPmk9_8eF14uhhw!2e0!7i16384!8i8192?entry=ttu"
100,119637872,0.5,Manhattan,2016-10-01,40.732174,-74.00155,10014,"https://www.google.com/maps/@40.732174,-74.00155,3a,20y,315.64h,92.67t/data=!3m6!1e1!3m4!1s0HNV80ujmtLWLA3oB5IALQ!2e0!7i16384!8i8192?entry=ttu"
101,119637873,0.5,Manhattan,2016-10-01,40.732174,-74.00155,10014,"https://www.google.com/maps/@40.732174,-74.00155,3a,20y,311.97h,89.62t/data=!3m6!1e1!3m4!1s0HNV80ujmtLWLA3oB5IALQ!2e0!7i16384!8i8192?entry=ttu"
102,119637874,1.0,Manhattan,2016-10-01,40.732174,-74.00155,10014,"https://www.google.com/maps/@40.732174,-74.00155,3a,20y,349.34h,92.19t/data=!3m6!1e1!3m4!1s0HNV80ujmtLWLA3oB5IALQ!2e0!7i16384!8i8192?entry=ttu"
103,119637875,1.0,Manhattan,2016-10-01,40.732174,-74.00155,10014,"https://www.google.com/maps/@40.732174,-74.00155,3a,20y,354.34h,86.85t/data=!3m6!1e1!3m4!1s0HNV80ujmtLWLA3oB5IALQ!2e0!7i16384!8i8192?entry=ttu"
104,119637876,1.0,Manhattan,2016-10-01,40.732174,-74.00155,10014,"https://www.google.com/maps/@40.732174,-74.00155,3a,20y,3.14h,86.10t/data=!3m6!1e1!3m4!1s0HNV80ujmtLWLA3oB5IALQ!2e0!7i16384!8i8192?entry=ttu"
105,119637877,1.0,Manhattan,2016-10-01,40.732174,-74.00155,10014,"https://www.google.com/maps/@40.732174,-74.00155,3a,20y,349.99h,91.57t/data=!3m6!1e1!3m4!1s0HNV80ujmtLWLA3oB5IALQ!2e0!7i16384!8i8192?entry=ttu"
106,119637878,1.0,Manhattan,2016-10-01,40.732174,-74.00155,10014,"https://www.google.com/maps/@40.732174,-74.00155,3a,20y,3.24h,85.65t/data=!3m6!1e1!3m4!1s0HNV80ujmtLWLA3oB5IALQ!2e0!7i16384!8i8192?entry=ttu"
107,119637879,1.0,Manhattan,2016-10-01,40.732174,-74.00155,10014,"https://www.google.com/maps/@40.732174,-74.00155,3a,20y,45.57h,96.09t/data=!3m6!1e1!3m4!1s0HNV80ujmtLWLA3oB5IALQ!2e0!7i16384!8i8192?entry=ttu"
108,119637880,0.3,Manhattan,2016-10-01,40.732174,-74.00155,10014,"https://www.google.com/maps/@40.732174,-74.00155,3a,20y,21.55h,84.16t/data=!3m6!1e1!3m4!1s0HNV80ujmtLWLA3oB5IALQ!2e0!7i16384!8i8192?entry=ttu"
109,119637881,0.5,Manhattan,2016-10-01,40.732174,-74.00155,10014,"https://www.google.com/maps/@40.732174,-74.00155,3a,20y,96.83h,85.68t/data=!3m6!1e1!3m4!1s0HNV80ujmtLWLA3oB5IALQ!2e0!7i16384!8i8192?entry=ttu"
110,119637882,1.0,Manhattan,2016-10-01,40.732174,-74.00155,10014,"https://www.google.com/maps/@40.732174,-74.00155,3a,20y,96.18h,80.50t/data=!3m6!1e1!3m4!1s0HNV80ujmtLWLA3oB5IALQ!2e0!7i16384!8i8192?entry=ttu"
111,119637883,1.0,Manhattan,2016-10-01,40.732174,-74.00155,10014,"https://www.google.com/maps/@40.732174,-74.00155,3a,20y,94.80h,75.42t/data=!3m6!1e1!3m4!1s0HNV80ujmtLWLA3oB5IALQ!2e0!7i16384!8i8192?entry=ttu"
112,119637884,1.0,Manhattan,2016-10-01,40.732174,-74.00155,10014,"https://www.google.com/maps/@40.732174,-74.00155,3a,20y,97.89h,70.27t/data=!3m6!1e1!3m4!1s0HNV80ujmtLWLA3oB5IALQ!2e0!7i16384!8i8192?entry=ttu"
113,119637885,1.0,Manhattan,2016-10-01,40.732174,-74.00155,10014,"https://www.google.com/maps/@40.732174,-74.00155,3a,20y,117.83h,90.74t/data=!3m6!1e1!3m4!1s0HNV80ujmtLWLA3oB5IALQ!2e0!7i16384!8i8192?entry=ttu"
114,119637886,0.5,Manhattan,2016-10-01,40.732174,-74.00155,10014,"https://www.google.com/maps/@40.732174,-74.00155,3a,20y,111.88h,74.18t/data=!3m6!1e1!3m4!1s0HNV80ujmtLWLA3oB5IALQ!2e0!7i16384!8i8192?entry=ttu"
115,119637887,1.0,Manhattan,2016-10-01,40.732174,-74.00155,10014,"https://www.google.com/maps/@40.732174,-74.00155,3a,20y,137.22h,89.13t/data=!3m6!1e1!3m4!1s0HNV80ujmtLWLA3oB5IALQ!2e0!7i16384!8i8192?entry=ttu"
116,119637888,1.0,Manhattan,2016-10-01,40.732174,-74.00155,10014,"https://www.google.com/maps/@40.732174,-74.00155,3a,20y,137.33h,88.19t/data=!3m6!1e1!3m4!1s0HNV80ujmtLWLA3oB5IALQ!2e0!7i16384!8i8192?entry=ttu"
117,119637889,0.5,Manhattan,2016-10-01,40.732174,-74.00155,10014,"https://www.google.com/maps/@40.732174,-74.00155,3a,20y,137.33h,87.71t/data=!3m6!1e1!3m4!1s0HNV80ujmtLWLA3oB5IALQ!2e0!7i16384!8i8192?entry=ttu"
118,119637890,1.0,Manhattan,2016-10-01,40.732174,-74.00155,10014,"https://www.google.com/maps/@40.732174,-74.00155,3a,20y,127.59h,86.75t/data=!3m6!1e1!3m4!1s0HNV80ujmtLWLA3oB5IALQ!2e0!7i16384!8i8192?entry=ttu"
119,119637891,0.3,Manhattan,2016-10-01,40.732174,-74.00155,10014,"https://www.google.com/maps/@40.732174,-74.00155,3a,20y,181.05h,111.89t/data=!3m6!1e1!3m4!1s0HNV80ujmtLWLA3oB5IALQ!2e0!7i16384!8i8192?entry=ttu"
120,119637892,1.0,Manhattan,2016-10-01,40.732174,-74.00155,10014,"https://www.google.com/maps/@40.732174,-74.00155,3a,20y,204.84h,111.19t/data=!3m6!1e1!3m4!1s0HNV80ujmtLWLA3oB5IALQ!2e0!7i16384!8i8192?entry=ttu"
121,119637893,0.5,Manhattan,2016-10-01,40.732174,-74.00155,10014,"https://www.google.com/maps/@40.732174,-74.00155,3a,20y,179.30h,94.06t/data=!3m6!1e1!3m4!1s0HNV80ujmtLWLA3oB5IALQ!2e0!7i16384!8i8192?entry=ttu"
122,119637894,0.3,Manhattan,2016-10-01,40.732174,-74.00155,10014,"https://www.google.com/maps/@40.732174,-74.00155,3a,20y,193.51h,95.06t/data=!3m6!1e1!3m4!1s0HNV80ujmtLWLA3oB5IALQ!2e0!7i16384!8i8192?entry=ttu"
123,119637895,0.3,Manhattan,2016-10-01,40.732174,-74.00155,10014,"https://www.google.com/maps/@40.732174,-74.00155,3a,20y,186.28h,73.47t/data=!3m6!1e1!3m4!1s0HNV80ujmtLWLA3oB5IALQ!2e0!7i16384!8i8192?entry=ttu"
124,119637896,0.3,Manhattan,2016-10-01,40.732174,-74.00155,10014,"https://www.google.com/maps/@40.732174,-74.00155,3a,20y,185.57h,71.43t/data=!3m6!1e1!3m4!1s0HNV80ujmtLWLA3oB5IALQ!2e0!7i16384!8i8192?entry=ttu"
125,119637897,1.0,Manhattan,2016-10-01,40.732174,-74.00155,10014,"https://www.google.com/maps/@40.732174,-74.00155,3a,20y,227.70h,98.12t/data=!3m6!1e1!3m4!1s0HNV80ujmtLWLA3oB5IALQ!2e0!7i16384!8i8192?entry=ttu"
126,119637898,1.0,Manhattan,2016-10-01,40.732174,-74.00155,10014,"https://www.google.com/maps/@40.732174,-74.00155,3a,20y,225.08h,78.77t/data=!3m6!1e1!3m4!1s0HNV80ujmtLWLA3oB5IALQ!2e0!7i16384!8i8192?entry=ttu"
127,119637899,1.0,Manhattan,2016-10-01,40.732174,-74.00155,10014,"https://www.google.com/maps/@40.732174,-74.00155,3a,20y,221.43h,77.55t/data=!3m6!1e1!3m4!1s0HNV80ujmtLWLA3oB5IALQ!2e0!7i16384!8i8192?entry=ttu"
128,119637900,0.3,Manhattan,2016-10-01,40.732174,-74.00155,10014,"https://www.google.com/maps/@40.732174,-74.00155,3a,20y,223.89h,71.97t/data=!3m6!1e1!3m4!1s0HNV80ujmtLWLA3oB5IALQ!2e0!7i16384!8i8192?entry=ttu"
129,119637901,0.5,Manhattan,2016-10-01,40.732174,-74.00155,10014,"https://www.google.com/maps/@40.732174,-74.00155,3a,20y,222.71h,69.97t/data=!3m6!1e1!3m4!1s0HNV80ujmtLWLA3oB5IALQ!2e0!7i16384!8i8192?entry=ttu"
130,119637902,0.5,Manhattan,2016-10-01,40.732174,-74.00155,10014,"https://www.google.com/maps/@40.732174,-74.00155,3a,20y,223.51h,73.58t/data=!3m6!1e1!3m4!1s0HNV80ujmtLWLA3oB5IALQ!2e0!7i16384!8i8192?entry=ttu"
131,119637903,1.0,Manhattan,2016-10-01,40.732174,-74.00155,10014,"https://www.google.com/maps/@40.732174,-74.00155,3a,20y,243.95h,72.92t/data=!3m6!1e1!3m4!1s0HNV80ujmtLWLA3oB5IALQ!2e0!7i16384!8i8192?entry=ttu"
132,119637904,0.5,Manhattan,2016-10-01,40.732174,-74.00155,10014,"https://www.google.com/maps/@40.732174,-74.00155,3a,20y,244.23h,69.63t/data=!3m6!1e1!3m4!1s0HNV80ujmtLWLA3oB5IALQ!2e0!7i16384!8i8192?entry=ttu"
133,119637905,0.5,Manhattan,2016-10-01,40.732174,-74.00155,10014,"https://www.google.com/maps/@40.732174,-74.00155,3a,20y,255.22h,81.80t/data=!3m6!1e1!3m4!1s0HNV80ujmtLWLA3oB5IALQ!2e0!7i16384!8i8192?entry=ttu"
134,119637906,1.0,Manhattan,2016-10-01,40.732174,-74.00155,10014,"https://www.google.com/maps/@40.732174,-74.00155,3a,20y,250.65h,80.89t/data=!3m6!1e1!3m4!1s0HNV80ujmtLWLA3oB5IALQ!2e0!7i16384!8i8192?entry=ttu"
135,119637907,1.0,Manhattan,2016-10-01,40.732174,-74.00155,10014,"https://www.google.com/maps/@40.732174,-74.00155,3a,20y,250.37h,79.32t/data=!3m6!1e1!3m4!1s0HNV80ujmtLWLA3oB5IALQ!2e0!7i16384!8i8192?entry=ttu"
136,119637908,1.0,Manhattan,2016-10-01,40.732174,-74.00155,10014,"https://www.google.com/maps/@40.732174,-74.00155,3a,20y,250.44h,77.86t/data=!3m6!1e1!3m4!1s0HNV80ujmtLWLA3oB5IALQ!2e0!7i16384!8i8192?entry=ttu"
137,119637909,0.5,Manhattan,2016-10-01,40.732174,-74.00155,10014,"https://www.google.com/maps/@40.732174,-74.00155,3a,20y,256.20h,73.74t/data=!3m6!1e1!3m4!1s0HNV80ujmtLWLA3oB5IALQ!2e0!7i16384!8i8192?entry=ttu"
138,119637910,1.0,Manhattan,2016-10-01,40.732174,-74.00155,10014,"https://www.google.com/maps/@40.732174,-74.00155,3a,20y,256.22h,72.94t/data=!3m6!1e1!3m4!1s0HNV80ujmtLWLA3oB5IALQ!2e0!7i16384!8i8192?entry=ttu"
139,119637911,1.0,Manhattan,2016-10-01,40.732174,-74.00155,10014,"https://www.google.com/maps/@40.732174,-74.00155,3a,20y,256.21h,72.12t/data=!3m6!1e1!3m4!1s0HNV80ujmtLWLA3oB5IALQ!2e0!7i16384!8i8192?entry=ttu"
140,119637912,0.5,Manhattan,2016-10-01,40.732174,-74.00155,10014,"https://www.google.com/maps/@40.732174,-74.00155,3a,20y,256.30h,68.95t/data=!3m6!1e1!3m4!1s0HNV80ujmtLWLA3oB5IALQ!2e0!7i16384!8i8192?entry=ttu"
141,119637913,0.5,Manhattan,2016-10-01,40.732174,-74.00155,10014,"https://www.google.com/maps/@40.732174,-74.00155,3a,20y,256.41h,68.26t/data=!3m6!1e1!3m4!1s0HNV80ujmtLWLA3oB5IALQ!2e0!7i16384!8i8192?entry=ttu"
142,119637914,1.0,Manhattan,2016-10-01,40.732174,-74.00155,10014,"https://www.google.com/maps/@40.732174,-74.00155,3a,20y,256.40h,67.51t/data=!3m6!1e1!3m4!1s0HNV80ujmtLWLA3oB5IALQ!2e0!7i16384!8i8192?entry=ttu"
143,119637915,1.0,Manhattan,2016-10-01,40.732174,-74.00155,10014,"https://www.google.com/maps/@40.732174,-74.00155,3a,20y,255.76h,97.12t/data=!3m6!1e1!3m4!1s0HNV80ujmtLWLA3oB5IALQ!2e0!7i16384!8i8192?entry=ttu"
144,119637916,1.0,Manhattan,2016-10-01,40.732174,-74.00155,10014,"https://www.google.com/maps/@40.732174,-74.00155,3a,20y,262.03h,90.82t/data=!3m6!1e1!3m4!1s0HNV80ujmtLWLA3oB5IALQ!2e0!7i16384!8i8192?entry=ttu"
145,119637917,0.5,Manhattan,2016-10-01,40.732174,-74.00155,10014,"https://www.google.com/maps/@40.732174,-74.00155,3a,20y,260.15h,76.42t/data=!3m6!1e1!3m4!1s0HNV80ujmtLWLA3oB5IALQ!2e0!7i16384!8i8192?entry=ttu"
146,119637918,0.5,Manhattan,2016-10-01,40.732174,-74.00155,10014,"https://www.google.com/maps/@40.732174,-74.00155,3a,20y,255.33h,74.51t/data=!3m6!1e1!3m4!1s0HNV80ujmtLWLA3oB5IALQ!2e0!7i16384!8i8192?entry=ttu"
147,119637919,1.0,Manhattan,2016-10-01,40.732174,-74.00155,10014,"https://www.google.com/maps/@40.732174,-74.00155,3a,20y,256.21h,73.81t/data=!3m6!1e1!3m4!1s0HNV80ujmtLWLA3oB5IALQ!2e0!7i16384!8i8192?entry=ttu"
148,119637920,1.0,Manhattan,2016-10-01,40.732174,-74.00155,10014,"https://www.google.com/maps/@40.732174,-74.00155,3a,20y,256.42h,68.63t/data=!3m6!1e1!3m4!1s0HNV80ujmtLWLA3oB5IALQ!2e0!7i16384!8i8192?entry=ttu"
149,119637921,1.0,Manhattan,2016-10-01,40.732174,-74.00155,10014,"https://www.google.com/maps/@40.732174,-74.00155,3a,20y,260.25h,75.47t/data=!3m6!1e1!3m4!1s0HNV80ujmtLWLA3oB5IALQ!2e0!7i16384!8i8192?entry=ttu"
150,119637922,1.0,Manhattan,2016-10-01,40.732174,-74.00155,10014,"https://www.google.com/maps/@40.732174,-74.00155,3a,20y,309.59h,97.50t/data=!3m6!1e1!3m4!1s0HNV80ujmtLWLA3oB5IALQ!2e0!7i16384!8i8192?entry=ttu"
151,119637923,1.0,Manhattan,2016-10-01,40.732174,-74.00155,10014,"https://www.google.com/maps/@40.732174,-74.00155,3a,20y,311.37h,97.66t/data=!3m6!1e1!3m4!1s0HNV80ujmtLWLA3oB5IALQ!2e0!7i16384!8i8192?entry=ttu"
152,119637924,1.0,Manhattan,2016-10-01,40.732174,-74.00155,10014,"https://www.google.com/maps/@40.732174,-74.00155,3a,20y,308.01h,94.96t/data=!3m6!1e1!3m4!1s0HNV80ujmtLWLA3oB5IALQ!2e0!7i16384!8i8192?entry=ttu"
153,119637925,0.5,Manhattan,2016-10-01,40.732174,-74.00155,10014,"https://www.google.com/maps/@40.732174,-74.00155,3a,20y,306.53h,89.71t/data=!3m6!1e1!3m4!1s0HNV80ujmtLWLA3oB5IALQ!2e0!7i16384!8i8192?entry=ttu"
154,119637928,1.0,The Bronx,2016-05-01,40.866367,-73.82373,10475,"https://www.google.com/maps/@40.866367,-73.82373,3a,20y,51.69h,95.06t/data=!3m6!1e1!3m4!1sBb53cWsm29btHyOnI5fTUw!2e0!7i16384!8i8192?entry=ttu"
155,119637929,1.0,The Bronx,2016-05-01,40.866367,-73.82373,10475,"https://www.google.com/maps/@40.866367,-73.82373,3a,20y,51.67h,94.58t/data=!3m6!1e1!3m4!1sBb53cWsm29btHyOnI5fTUw!2e0!7i16384!8i8192?entry=ttu"
156,119637930,1.0,The Bronx,2016-05-01,40.866367,-73.82373,10475,"https://www.google.com/maps/@40.866367,-73.82373,3a,20y,51.59h,94.14t/data=!3m6!1e1!3m4!1sBb53cWsm29btHyOnI5fTUw!2e0!7i16384!8i8192?entry=ttu"
157,119637931,1.0,The Bronx,2016-05-01,40.866367,-73.82373,10475,"https://www.google.com/maps/@40.866367,-73.82373,3a,20y,58.59h,95.73t/data=!3m6!1e1!3m4!1sBb53cWsm29btHyOnI5fTUw!2e0!7i16384!8i8192?entry=ttu"
158,119637932,1.0,The Bronx,2016-05-01,40.866367,-73.82373,10475,"https://www.google.com/maps/@40.866367,-73.82373,3a,20y,57.25h,94.12t/data=!3m6!1e1!3m4!1sBb53cWsm29btHyOnI5fTUw!2e0!7i16384!8i8192?entry=ttu"
159,119637933,1.0,The Bronx,2016-05-01,40.866367,-73.82373,10475,"https://www.google.com/maps/@40.866367,-73.82373,3a,20y,57.22h,93.47t/data=!3m6!1e1!3m4!1sBb53cWsm29btHyOnI5fTUw!2e0!7i16384!8i8192?entry=ttu"
160,119637934,0.5,The Bronx,2016-05-01,40.866367,-73.82373,10475,"https://www.google.com/maps/@40.866367,-73.82373,3a,20y,58.66h,95.28t/data=!3m6!1e1!3m4!1sBb53cWsm29btHyOnI5fTUw!2e0!7i16384!8i8192?entry=ttu"
161,119637935,1.0,The Bronx,2016-05-01,40.866367,-73.82373,10475,"https://www.google.com/maps/@40.866367,-73.82373,3a,20y,57.31h,94.52t/data=!3m6!1e1!3m4!1sBb53cWsm29btHyOnI5fTUw!2e0!7i16384!8i8192?entry=ttu"
162,119637936,1.0,The Bronx,2016-05-01,40.866367,-73.82373,10475,"https://www.google.com/maps/@40.866367,-73.82373,3a,20y,89.00h,66.32t/data=!3m6!1e1!3m4!1sBb53cWsm29btHyOnI5fTUw!2e0!7i16384!8i8192?entry=ttu"
163,119637937,1.0,The Bronx,2016-05-01,40.866367,-73.82373,10475,"https://www.google.com/maps/@40.866367,-73.82373,3a,20y,111.06h,65.59t/data=!3m6!1e1!3m4!1sBb53cWsm29btHyOnI5fTUw!2e0!7i16384!8i8192?entry=ttu"
164,119637938,0.5,The Bronx,2016-05-01,40.866367,-73.82373,10475,"https://www.google.com/maps/@40.866367,-73.82373,3a,20y,179.56h,96.10t/data=!3m6!1e1!3m4!1sBb53cWsm29btHyOnI5fTUw!2e0!7i16384!8i8192?entry=ttu"
165,119637939,1.0,The Bronx,2016-05-01,40.866367,-73.82373,10475,"https://www.google.com/maps/@40.866367,-73.82373,3a,20y,191.80h,92.56t/data=!3m6!1e1!3m4!1sBb53cWsm29btHyOnI5fTUw!2e0!7i16384!8i8192?entry=ttu"
166,119637940,1.0,The Bronx,2016-05-01,40.866367,-73.82373,10475,"https://www.google.com/maps/@40.866367,-73.82373,3a,20y,191.80h,91.90t/data=!3m6!1e1!3m4!1sBb53cWsm29btHyOnI5fTUw!2e0!7i16384!8i8192?entry=ttu"
167,119637941,1.0,The Bronx,2016-05-01,40.866367,-73.82373,10475,"https://www.google.com/maps/@40.866367,-73.82373,3a,20y,191.86h,90.94t/data=!3m6!1e1!3m4!1sBb53cWsm29btHyOnI5fTUw!2e0!7i16384!8i8192?entry=ttu"
168,119637942,1.0,The Bronx,2016-05-01,40.866367,-73.82373,10475,"https://www.google.com/maps/@40.866367,-73.82373,3a,20y,236.04h,87.72t/data=!3m6!1e1!3m4!1sBb53cWsm29btHyOnI5fTUw!2e0!7i16384!8i8192?entry=ttu"
169,119637943,0.5,The Bronx,2016-05-01,40.866367,-73.82373,10475,"https://www.google.com/maps/@40.866367,-73.82373,3a,20y,235.76h,85.71t/data=!3m6!1e1!3m4!1sBb53cWsm29btHyOnI5fTUw!2e0!7i16384!8i8192?entry=ttu"
170,119637944,1.0,The Bronx,2016-05-01,40.866367,-73.82373,10475,"https://www.google.com/maps/@40.866367,-73.82373,3a,20y,236.66h,89.82t/data=!3m6!1e1!3m4!1sBb53cWsm29btHyOnI5fTUw!2e0!7i16384!8i8192?entry=ttu"
171,119637945,0.3,The Bronx,2016-05-01,40.863533,-73.8263,10475,"https://www.google.com/maps/@40.863533,-73.8263,3a,20y,165.27h,79.19t/data=!3m6!1e1!3m4!1sxPox4gE5lagIbpwZ1e0p9w!2e0!7i16384!8i8192?entry=ttu"
172,119637946,1.0,The Bronx,2016-05-01,40.863533,-73.8263,10475,"https://www.google.com/maps/@40.863533,-73.8263,3a,20y,188.41h,101.70t/data=!3m6!1e1!3m4!1sxPox4gE5lagIbpwZ1e0p9w!2e0!7i16384!8i8192?entry=ttu"
173,119637947,0.3,The Bronx,2016-05-01,40.863533,-73.8263,10475,"https://www.google.com/maps/@40.863533,-73.8263,3a,20y,187.78h,99.28t/data=!3m6!1e1!3m4!1sxPox4gE5lagIbpwZ1e0p9w!2e0!7i16384!8i8192?entry=ttu"
174,119637948,1.0,The Bronx,2016-05-01,40.863533,-73.8263,10475,"https://www.google.com/maps/@40.863533,-73.8263,3a,20y,187.77h,97.76t/data=!3m6!1e1!3m4!1sxPox4gE5lagIbpwZ1e0p9w!2e0!7i16384!8i8192?entry=ttu"
175,119637949,1.0,The Bronx,2016-05-01,40.863533,-73.8263,10475,"https://www.google.com/maps/@40.863533,-73.8263,3a,20y,198.82h,104.82t/data=!3m6!1e1!3m4!1sxPox4gE5lagIbpwZ1e0p9w!2e0!7i16384!8i8192?entry=ttu"
176,119637950,1.0,The Bronx,2016-05-01,40.863533,-73.8263,10475,"https://www.google.com/maps/@40.863533,-73.8263,3a,20y,199.71h,102.84t/data=!3m6!1e1!3m4!1sxPox4gE5lagIbpwZ1e0p9w!2e0!7i16384!8i8192?entry=ttu"
177,119637951,1.0,The Bronx,2016-05-01,40.863533,-73.8263,10475,"https://www.google.com/maps/@40.863533,-73.8263,3a,20y,196.26h,101.66t/data=!3m6!1e1!3m4!1sxPox4gE5lagIbpwZ1e0p9w!2e0!7i16384!8i8192?entry=ttu"
178,119637952,1.0,The Bronx,2016-05-01,40.863533,-73.8263,10475,"https://www.google.com/maps/@40.863533,-73.8263,3a,20y,198.75h,97.98t/data=!3m6!1e1!3m4!1sxPox4gE5lagIbpwZ1e0p9w!2e0!7i16384!8i8192?entry=ttu"
179,119637953,1.0,The Bronx,2016-05-01,40.863533,-73.8263,10475,"https://www.google.com/maps/@40.863533,-73.8263,3a,20y,206.59h,103.20t/data=!3m6!1e1!3m4!1sxPox4gE5lagIbpwZ1e0p9w!2e0!7i16384!8i8192?entry=ttu"
180,119637954,1.0,The Bronx,2016-05-01,40.863533,-73.8263,10475,"https://www.google.com/maps/@40.863533,-73.8263,3a,20y,210.30h,106.91t/data=!3m6!1e1!3m4!1sxPox4gE5lagIbpwZ1e0p9w!2e0!7i16384!8i8192?entry=ttu"
181,119637955,1.0,The Bronx,2016-05-01,40.863533,-73.8263,10475,"https://www.google.com/maps/@40.863533,-73.8263,3a,20y,210.42h,104.51t/data=!3m6!1e1!3m4!1sxPox4gE5lagIbpwZ1e0p9w!2e0!7i16384!8i8192?entry=ttu"
182,119637956,1.0,The Bronx,2016-05-01,40.863533,-73.8263,10475,"https://www.google.com/maps/@40.863533,-73.8263,3a,20y,208.89h,101.01t/data=!3m6!1e1!3m4!1sxPox4gE5lagIbpwZ1e0p9w!2e0!7i16384!8i8192?entry=ttu"
183,119637957,0.5,The Bronx,2016-05-01,40.863533,-73.8263,10475,"https://www.google.com/maps/@40.863533,-73.8263,3a,20y,191.51h,100.47t/data=!3m6!1e1!3m4!1sxPox4gE5lagIbpwZ1e0p9w!2e0!7i16384!8i8192?entry=ttu"
184,119637958,1.0,The Bronx,2016-05-01,40.863533,-73.8263,10475,"https://www.google.com/maps/@40.863533,-73.8263,3a,20y,198.56h,99.81t/data=!3m6!1e1!3m4!1sxPox4gE5lagIbpwZ1e0p9w!2e0!7i16384!8i8192?entry=ttu"
185,119637959,0.3,The Bronx,2016-05-01,40.863533,-73.8263,10475,"https://www.google.com/maps/@40.863533,-73.8263,3a,20y,206.66h,103.62t/data=!3m6!1e1!3m4!1sxPox4gE5lagIbpwZ1e0p9w!2e0!7i16384!8i8192?entry=ttu"
186,119637960,0.3,The Bronx,2016-05-01,40.863533,-73.8263,10475,"https://www.google.com/maps/@40.863533,-73.8263,3a,20y,244.29h,84.41t/data=!3m6!1e1!3m4!1sxPox4gE5lagIbpwZ1e0p9w!2e0!7i16384!8i8192?entry=ttu"
187,119637961,1.0,The Bronx,2016-11-01,40.828575,-73.878685,10472,"https://www.google.com/maps/@40.828575,-73.878685,3a,20y,287.47h,85.61t/data=!3m6!1e1!3m4!1sppu3XEXy_MiAMb9lpOcEkw!2e0!7i16384!8i8192?entry=ttu"
188,119637962,1.0,The Bronx,2016-11-01,40.828575,-73.878685,10472,"https://www.google.com/maps/@40.828575,-73.878685,3a,20y,272.81h,106.71t/data=!3m6!1e1!3m4!1sppu3XEXy_MiAMb9lpOcEkw!2e0!7i16384!8i8192?entry=ttu"
189,119637963,0.5,The Bronx,2016-11-01,40.828575,-73.878685,10472,"https://www.google.com/maps/@40.828575,-73.878685,3a,20y,302.32h,87.17t/data=!3m6!1e1!3m4!1sppu3XEXy_MiAMb9lpOcEkw!2e0!7i16384!8i8192?entry=ttu"
190,119637964,1.0,The Bronx,2016-11-01,40.828575,-73.878685,10472,"https://www.google.com/maps/@40.828575,-73.878685,3a,20y,307.45h,87.86t/data=!3m6!1e1!3m4!1sppu3XEXy_MiAMb9lpOcEkw!2e0!7i16384!8i8192?entry=ttu"
191,119637965,1.0,The Bronx,2016-11-01,40.828575,-73.878685,10472,"https://www.google.com/maps/@40.828575,-73.878685,3a,20y,307.50h,87.00t/data=!3m6!1e1!3m4!1sppu3XEXy_MiAMb9lpOcEkw!2e0!7i16384!8i8192?entry=ttu"
192,119637966,1.0,The Bronx,2016-11-01,40.828575,-73.878685,10472,"https://www.google.com/maps/@40.828575,-73.878685,3a,20y,307.45h,86.12t/data=!3m6!1e1!3m4!1sppu3XEXy_MiAMb9lpOcEkw!2e0!7i16384!8i8192?entry=ttu"
193,119637967,1.0,The Bronx,2016-11-01,40.828575,-73.878685,10472,"https://www.google.com/maps/@40.828575,-73.878685,3a,20y,299.76h,83.08t/data=!3m6!1e1!3m4!1sppu3XEXy_MiAMb9lpOcEkw!2e0!7i16384!8i8192?entry=ttu"
194,119637968,0.5,The Bronx,2016-11-01,40.828575,-73.878685,10472,"https://www.google.com/maps/@40.828575,-73.878685,3a,20y,306.94h,78.90t/data=!3m6!1e1!3m4!1sppu3XEXy_MiAMb9lpOcEkw!2e0!7i16384!8i8192?entry=ttu"
195,119637969,0.5,The Bronx,2016-11-01,40.828575,-73.878685,10472,"https://www.google.com/maps/@40.828575,-73.878685,3a,20y,307.55h,76.28t/data=!3m6!1e1!3m4!1sppu3XEXy_MiAMb9lpOcEkw!2e0!7i16384!8i8192?entry=ttu"
196,119637970,0.5,The Bronx,2016-11-01,40.828575,-73.878685,10472,"https://www.google.com/maps/@40.828575,-73.878685,3a,20y,290.81h,72.14t/data=!3m6!1e1!3m4!1sppu3XEXy_MiAMb9lpOcEkw!2e0!7i16384!8i8192?entry=ttu"
197,119637971,1.0,The Bronx,2016-11-01,40.828575,-73.878685,10472,"https://www.google.com/maps/@40.828575,-73.878685,3a,20y,305.33h,66.85t/data=!3m6!1e1!3m4!1sppu3XEXy_MiAMb9lpOcEkw!2e0!7i16384!8i8192?entry=ttu"
198,119637972,0.5,The Bronx,2016-11-01,40.828575,-73.878685,10472,"https://www.google.com/maps/@40.828575,-73.878685,3a,20y,303.65h,65.77t/data=!3m6!1e1!3m4!1sppu3XEXy_MiAMb9lpOcEkw!2e0!7i16384!8i8192?entry=ttu"
199,119637973,1.0,The Bronx,2016-11-01,40.828575,-73.878685,10472,"https://www.google.com/maps/@40.828575,-73.878685,3a,20y,294.56h,107.03t/data=!3m6!1e1!3m4!1sppu3XEXy_MiAMb9lpOcEkw!2e0!7i16384!8i8192?entry=ttu"
200,119637974,1.0,The Bronx,2016-11-01,40.828575,-73.878685,10472,"https://www.google.com/maps/@40.828575,-73.878685,3a,20y,312.96h,87.53t/data=!3m6!1e1!3m4!1sppu3XEXy_MiAMb9lpOcEkw!2e0!7i16384!8i8192?entry=ttu"
201,119637975,1.0,The Bronx,2016-11-01,40.828575,-73.878685,10472,"https://www.google.com/maps/@40.828575,-73.878685,3a,20y,312.98h,86.65t/data=!3m6!1e1!3m4!1sppu3XEXy_MiAMb9lpOcEkw!2e0!7i16384!8i8192?entry=ttu"
202,119637976,1.0,The Bronx,2016-11-01,40.828575,-73.878685,10472,"https://www.google.com/maps/@40.828575,-73.878685,3a,20y,312.83h,85.63t/data=!3m6!1e1!3m4!1sppu3XEXy_MiAMb9lpOcEkw!2e0!7i16384!8i8192?entry=ttu"
203,119637977,0.5,The Bronx,2016-11-01,40.828575,-73.878685,10472,"https://www.google.com/maps/@40.828575,-73.878685,3a,20y,306.00h,68.51t/data=!3m6!1e1!3m4!1sppu3XEXy_MiAMb9lpOcEkw!2e0!7i16384!8i8192?entry=ttu"
204,119637978,0.5,The Bronx,2016-11-01,40.828575,-73.878685,10472,"https://www.google.com/maps/@40.828575,-73.878685,3a,20y,304.33h,67.02t/data=!3m6!1e1!3m4!1sppu3XEXy_MiAMb9lpOcEkw!2e0!7i16384!8i8192?entry=ttu"
205,119637979,1.0,The Bronx,2016-11-01,40.828575,-73.878685,10472,"https://www.google.com/maps/@40.828575,-73.878685,3a,20y,324.00h,88.28t/data=!3m6!1e1!3m4!1sppu3XEXy_MiAMb9lpOcEkw!2e0!7i16384!8i8192?entry=ttu"
206,119637980,1.0,The Bronx,2016-11-01,40.828575,-73.878685,10472,"https://www.google.com/maps/@40.828575,-73.878685,3a,20y,330.31h,88.30t/data=!3m6!1e1!3m4!1sppu3XEXy_MiAMb9lpOcEkw!2e0!7i16384!8i8192?entry=ttu"
207,119637981,1.0,The Bronx,2016-11-01,40.828575,-73.878685,10472,"https://www.google.com/maps/@40.828575,-73.878685,3a,20y,330.53h,88.02t/data=!3m6!1e1!3m4!1sppu3XEXy_MiAMb9lpOcEkw!2e0!7i16384!8i8192?entry=ttu"
208,119637982,1.0,The Bronx,2016-11-01,40.828575,-73.878685,10472,"https://www.google.com/maps/@40.828575,-73.878685,3a,20y,317.65h,85.89t/data=!3m6!1e1!3m4!1sppu3XEXy_MiAMb9lpOcEkw!2e0!7i16384!8i8192?entry=ttu"
209,119637983,1.0,The Bronx,2016-11-01,40.828575,-73.878685,10472,"https://www.google.com/maps/@40.828575,-73.878685,3a,20y,322.59h,85.59t/data=!3m6!1e1!3m4!1sppu3XEXy_MiAMb9lpOcEkw!2e0!7i16384!8i8192?entry=ttu"
210,119637984,0.5,The Bronx,2016-11-01,40.828575,-73.878685,10472,"https://www.google.com/maps/@40.828575,-73.878685,3a,20y,323.86h,80.90t/data=!3m6!1e1!3m4!1sppu3XEXy_MiAMb9lpOcEkw!2e0!7i16384!8i8192?entry=ttu"
211,119637985,0.5,The Bronx,2016-11-01,40.828575,-73.878685,10472,"https://www.google.com/maps/@40.828575,-73.878685,3a,20y,329.90h,80.63t/data=!3m6!1e1!3m4!1sppu3XEXy_MiAMb9lpOcEkw!2e0!7i16384!8i8192?entry=ttu"
212,119637986,0.3,The Bronx,2016-11-01,40.828575,-73.878685,10472,"https://www.google.com/maps/@40.828575,-73.878685,3a,20y,320.08h,67.83t/data=!3m6!1e1!3m4!1sppu3XEXy_MiAMb9lpOcEkw!2e0!7i16384!8i8192?entry=ttu"
213,119637987,0.5,The Bronx,2016-11-01,40.828575,-73.878685,10472,"https://www.google.com/maps/@40.828575,-73.878685,3a,20y,315.45h,85.39t/data=!3m6!1e1!3m4!1sppu3XEXy_MiAMb9lpOcEkw!2e0!7i16384!8i8192?entry=ttu"
214,119637988,1.0,The Bronx,2016-11-01,40.828575,-73.878685,10472,"https://www.google.com/maps/@40.828575,-73.878685,3a,20y,318.37h,88.26t/data=!3m6!1e1!3m4!1sppu3XEXy_MiAMb9lpOcEkw!2e0!7i16384!8i8192?entry=ttu"
215,119637989,1.0,The Bronx,2016-11-01,40.828575,-73.878685,10472,"https://www.google.com/maps/@40.828575,-73.878685,3a,20y,324.23h,87.29t/data=!3m6!1e1!3m4!1sppu3XEXy_MiAMb9lpOcEkw!2e0!7i16384!8i8192?entry=ttu"
216,119637990,1.0,The Bronx,2016-11-01,40.828575,-73.878685,10472,"https://www.google.com/maps/@40.828575,-73.878685,3a,20y,330.38h,85.23t/data=!3m6!1e1!3m4!1sppu3XEXy_MiAMb9lpOcEkw!2e0!7i16384!8i8192?entry=ttu"
217,119637991,0.5,The Bronx,2016-11-01,40.828575,-73.878685,10472,"https://www.google.com/maps/@40.828575,-73.878685,3a,20y,358.25h,86.00t/data=!3m6!1e1!3m4!1sppu3XEXy_MiAMb9lpOcEkw!2e0!7i16384!8i8192?entry=ttu"
218,119637992,1.0,The Bronx,2016-11-01,40.828575,-73.878685,10472,"https://www.google.com/maps/@40.828575,-73.878685,3a,20y,355.33h,84.88t/data=!3m6!1e1!3m4!1sppu3XEXy_MiAMb9lpOcEkw!2e0!7i16384!8i8192?entry=ttu"
219,119637993,1.0,The Bronx,2016-11-01,40.828575,-73.878685,10472,"https://www.google.com/maps/@40.828575,-73.878685,3a,20y,359.27h,84.87t/data=!3m6!1e1!3m4!1sppu3XEXy_MiAMb9lpOcEkw!2e0!7i16384!8i8192?entry=ttu"
220,119637994,1.0,The Bronx,2016-11-01,40.828575,-73.878685,10472,"https://www.google.com/maps/@40.828575,-73.878685,3a,20y,7.92h,88.69t/data=!3m6!1e1!3m4!1sppu3XEXy_MiAMb9lpOcEkw!2e0!7i16384!8i8192?entry=ttu"
221,119637995,1.0,The Bronx,2016-11-01,40.828575,-73.878685,10472,"https://www.google.com/maps/@40.828575,-73.878685,3a,20y,7.83h,87.82t/data=!3m6!1e1!3m4!1sppu3XEXy_MiAMb9lpOcEkw!2e0!7i16384!8i8192?entry=ttu"
222,119637996,0.5,The Bronx,2016-11-01,40.828575,-73.878685,10472,"https://www.google.com/maps/@40.828575,-73.878685,3a,20y,6.60h,87.27t/data=!3m6!1e1!3m4!1sppu3XEXy_MiAMb9lpOcEkw!2e0!7i16384!8i8192?entry=ttu"
223,119637997,0.3,The Bronx,2016-11-01,40.828575,-73.878685,10472,"https://www.google.com/maps/@40.828575,-73.878685,3a,20y,22.53h,89.57t/data=!3m6!1e1!3m4!1sppu3XEXy_MiAMb9lpOcEkw!2e0!7i16384!8i8192?entry=ttu"
224,119637998,1.0,The Bronx,2016-11-01,40.828575,-73.878685,10472,"https://www.google.com/maps/@40.828575,-73.878685,3a,20y,22.48h,88.95t/data=!3m6!1e1!3m4!1sppu3XEXy_MiAMb9lpOcEkw!2e0!7i16384!8i8192?entry=ttu"
225,119637999,1.0,The Bronx,2016-11-01,40.828575,-73.878685,10472,"https://www.google.com/maps/@40.828575,-73.878685,3a,20y,25.06h,88.97t/data=!3m6!1e1!3m4!1sppu3XEXy_MiAMb9lpOcEkw!2e0!7i16384!8i8192?entry=ttu"
226,119638000,0.3,The Bronx,2016-11-01,40.828575,-73.878685,10472,"https://www.google.com/maps/@40.828575,-73.878685,3a,20y,21.77h,80.99t/data=!3m6!1e1!3m4!1sppu3XEXy_MiAMb9lpOcEkw!2e0!7i16384!8i8192?entry=ttu"
